collocate,juan_no,juan_title,left,node,right,passage,target_count,collocate_count
海上,92,卷九十二,世宗时苦,倭,甚故海上功比北边,世宗时，苦倭甚，故海上功比北边尤为最。,1,1
海上,126,卷一百二十六,鸣谦曰,倭,海上来则海上御之耳,鸣谦曰：「倭海上来，则海上御之耳。,1,2
海上,270,卷二百七十,,倭,遂去东番海上息肩,倭遂去东番，海上息肩者十年。,1,1
海上,287,卷二百八十七,海上中,倭,复居金陵者数年更买宅,海上中倭，复居金陵者数年，更买宅居吴阊。,1,1
海上,322,卷三百二十二,时海上复以,倭,警告再遣官谕义持剿捕,时海上复以倭警告，再遣官谕义持剿捕。,1,1
入寇,91,卷九十一,直部三千人复勾,倭,入寇闽广益骚,直部三千人，复勾倭入寇，闽、广益骚。,1,1
入寇,205,卷二百〇五,歙人汪直据五岛煽诸,倭,入寇而徐海陈东麻叶,时歙人汪直据五岛煽诸倭入寇，而徐海、陈东、麻叶等巢柘林、乍浦、川沙洼，日扰郡邑。,1,1
入寇,212,卷二百十二,,倭,入寇击却之,倭入寇，击却之。,1,1
入寇,297,卷二百九十七,,倭,入寇以县无城掖母出,倭入寇，以县无城，掖母出避。,1,1
入寇,322,卷三百二十二,,倭,听指挥诱之入寇,倭听指挥，诱之入寇。,1,1
入寇,322,卷三百二十二,三十二年三月汪直勾诸,倭,大举入寇连舰数百蔽海,三十二年三月，汪直勾诸倭大举入寇，连舰数百，蔽海而至。,1,1
朝鲜,223,卷二百二十三,时朝鲜以,倭,难告,时朝鲜以倭难告。,1,1
朝鲜,242,卷二百四十二,石星主封,倭,而朝鲜使臣金晬,石星主封倭，而朝鲜使臣金晬泣言李如松、沈惟敬之误，致国人束手受刃者六万余人。,1,1
朝鲜,247,卷二百四十七,缅寇平罗雄平朝鲜,倭,平播酋平倮大小数百,平缅寇，平罗雄，平朝鲜倭，平播酋，平倮，大小数百战，威名震海内。,1,1
朝鲜,320,卷三百二十,南犹朝鲜境有如,倭,觇我罢兵突入再犯,应昌疏称：「釜山虽濒海南，犹朝鲜境，有如倭觇我罢兵，突入再犯，朝鲜不支，前功尽弃。,1,2
朝鲜,320,卷三百二十,行长建楼清正布种岛,倭,窖水索朝鲜地图,行长建楼，清正布种，岛倭窖水，索朝鲜地图，玠遂决意用兵。,1,1
朝鲜,320,卷三百二十,我军尽撤朝鲜畏,倭,滋甚,秀吉死，我军尽撤，朝鲜畏倭滋甚。,1,1
朝鲜,322,卷三百二十二,久之秀吉死诸,倭,扬帆尽归朝鲜患亦平,久之，秀吉死，诸倭扬帆尽归，朝鲜患亦平。,1,1
新,202,卷二百〇二,新,倭,复犯石坪将士乘胜歼,新倭复犯石坪，将士乘胜歼之。,1,1
新,205,卷二百〇五,至明年春新,倭,复大至严旨责宗宪,至明年春，新倭复大至，严旨责宗宪。,1,1
新,212,卷二百十二,柘林,倭,虽败而新倭三十余艘,柘林倭虽败，而新倭三十余艘突青村所，与南沙、小乌口、浪港诸贼合，犯苏州陆泾坝，直抵娄门，败南京都督周于德兵。,2,1
新,212,卷二百十二,仰攻将士先登多死新,倭,又大至,然苦仰攻，将士先登多死，新倭又大至。,1,1
新,212,卷二百十二,及继光还浙后新,倭,至者日益众围兴化,及继光还浙后，新倭至者日益众，围兴化城匝月。,1,1
新,322,卷三百二十二,五月复合新,倭,突犯嘉兴至王江泾乃为,五月复合新倭，突犯嘉兴，至王江泾，乃为经击斩千九百余级，余奔柘林。,1,1
