target,collocate,exp_local,obs_local,ratio_local,obs_global,p_value,log_likelihood,log_dice,adjusted_p_value
倭,王京,0.03333260491102322,9,270.00590034965035,26,0.0,86.83503926401279,10.511713518690517,0.0
倭,釜山,0.030768558379406046,8,260.0056818181818,24,0.0,76.40436936475574,10.356143810225275,0.0
倭,朝鲜,0.30383951399663467,12,39.4945339470656,237,0.0,66.22078691135994,9.89496452930171,0.0
倭,柘林,0.024358442050363117,5,205.26764354066987,19,2.2707036251290447e-10,44.87059043652755,9.714597781137751,5.8720395745837096e-08
倭,海上,0.07948544248013228,6,75.48552052785924,62,6.683575914934181e-10,40.83308851967013,9.690144737413213,1.440310609668316e-07
倭,南沙,0.006410116329042926,4,624.0136363636364,5,1.3038645581914296e-11,48.36449855337004,9.500154112916794,4.2147421843537966e-09
倭,入寇,0.1640989780234989,6,36.56329900568182,128,1.8955350289395767e-08,31.983422845915783,9.33703498727757,3.501323989169818e-06
倭,戚继光,0.04358879103749189,4,91.76671122994654,34,1.1734401794694094e-07,28.8109282098004,9.285754482333878,1.3793255927763148e-05
倭,击,0.2961473744017832,7,23.636880165289256,231,2.5228504063612434e-08,31.327752281851705,9.138469937791356,4.07755696928136e-06
倭,新,0.3025574907308261,7,23.136098805855163,236,2.8792125128518364e-08,31.035707887908245,9.120854394874385,4.136468643463805e-06
倭,王子,0.08845960534079238,4,45.21837944664032,69,2.1142233287418932e-06,22.983038422803986,9.06336206099743,0.0001438784612664878
倭,秀吉,0.015384279189703023,3,195.00426136363635,12,4.5189764386055487e-07,26.533913635133057,9.030373649043518,4.4946434885515186e-05
倭,沈惟敬,0.021794395518745947,3,137.6500668449198,17,1.3901987265807492e-06,24.19859335492157,8.992505463453075,0.00011739412889557844
倭,已入,0.02948653511359746,3,101.74135375494072,23,3.599918356411713e-06,22.24593262254589,8.948337880177508,0.00022165211594477835
倭,舟山,0.02948653511359746,3,101.74135375494072,23,3.599918356411713e-06,22.24593262254589,8.948337880177508,0.00022165211594477835
倭,攻陷,0.04615283756910907,3,65.00142045454545,36,1.4335553068733908e-05,19.43830324929884,8.857042046157957,0.0006919359553276827
倭,败,0.482040747944028,7,14.521593931334623,376,6.764360174216222e-07,24.782202478253563,8.698830465279435,6.247369789472554e-05
倭,围,0.28204511847788877,5,17.727660123966942,220,1.0738676961885574e-05,19.545379179053008,8.692571474807753,0.0005554043724687219
倭,逼,0.2999934441992089,5,16.667030885780886,234,1.4448778649533978e-05,18.95649955643121,8.642447995381916,0.0006919359553276827
倭,官军,0.7217790986502335,9,12.46918900371387,563,6.071334868185119e-08,29.382509955045602,8.640494447296161,7.850235984563358e-06
